"COORD_REF_SYS_CODE","COORD_REF_SYS_NAME","DATUM_CODE","DATUM_NAME","GREENWICH_DATUM","UOM_CODE","ELLIPSOID_CODE","PRIME_MERIDIAN_CODE","SHOW_CRS","DEPRECATED","COORD_SYS_CODE","COORD_OP_CODE","COORD_OP_CODE_MULTI","COORD_OP_METHOD_CODE","DX","DY","DZ","RX","RY","RZ","DS"
3819,GCS_HD1909,1024,D_Hungarian_Datum_1909,1024,9122,7004,8901,1,0,6422,3817,0,9607,595.48,121.69,515.35,-4.115,2.9383,-0.853,-3.408
3821,GCS_TWD_1967,1025,D_TWD_1967,1025,9122,7050,8901,1,0,6422,,0,,,,,,,,
3824,GCS_TWD_1997,1026,D_TWD_1997,1026,9122,7019,8901,1,0,6422,3830,0,9603,0,0,0,,,,
3889,GCS_IGRS,1029,D_Iraqi_Geospatial_Reference_System,1029,9122,7019,8901,1,0,6422,3894,0,9603,0,0,0,,,,
3906,GCS_MGI_1901,1031,D_MGI_1901,1031,9122,7004,8901,1,0,6422,3962,1,9603,682,-203,480,,,,
4001,GCS_Airy_1830,6001,D_Airy_1830,6001,9122,7001,8901,0,0,6422,,0,,,,,,,,
4002,GCS_Airy_Modified,6002,D_Airy_Modified,6002,9122,7002,8901,0,0,6422,,0,,,,,,,,
4003,GCS_Australian,6003,D_Australian,6003,9122,7003,8901,0,0,6422,,0,,,,,,,,
4004,GCS_Bessel_1841,6004,D_Bessel_1841,6004,9122,7004,8901,0,0,6422,,0,,,,,,,,
4005,GCS_Bessel_Modified,6005,D_Bessel_Modified,6005,9122,7005,8901,0,0,6422,,0,,,,,,,,
4006,GCS_Bessel_Namibia,6006,D_Bessel_Namibia,6006,9122,7046,8901,0,0,6422,,0,,,,,,,,
4007,GCS_Clarke_1858,6007,D_Clarke_1858,6007,9122,7007,8901,0,0,6422,,0,,,,,,,,
4008,GCS_Clarke_1866,6008,D_Clarke_1866,6008,9122,7008,8901,0,0,6422,,0,,,,,,,,
4009,GCS_Clarke_1866_Michigan,6009,D_Clarke_1866_Michigan,6009,9122,7009,8901,0,0,6422,,0,,,,,,,,
4010,GCS_Clarke_1880_Benoit,6010,D_Clarke_1880_Benoit,6010,9122,7010,8901,0,0,6422,,0,,,,,,,,
4011,GCS_Clarke_1880_IGN,6011,D_Clarke_1880_IGN,6011,9122,7011,8901,0,0,6422,,0,,,,,,,,
4012,GCS_Clarke_1880_RGS,6012,D_Clarke_1880_RGS,6012,9122,7012,8901,0,0,6422,,0,,,,,,,,
4013,GCS_Clarke_1880_Arc,6013,D_Clarke_1880_Arc,6013,9122,7013,8901,0,0,6422,,0,,,,,,,,
4014,GCS_Clarke_1880_SGA,6014,D_Clarke_1880_SGA,6014,9122,7014,8901,0,0,6422,,0,,,,,,,,
4015,GCS_Everest_Adj_1937,6015,D_Everest_Adj_1937,6015,9122,7015,8901,0,0,6422,,0,,,,,,,,
4016,GCS_Everest_def_1967,6016,D_Everest_Def_1967,6016,9122,7016,8901,0,0,6422,,0,,,,,,,,
4018,GCS_Everest_Modified,6018,D_Everest_Modified,6018,9122,7018,8901,0,0,6422,,0,,,,,,,,
4019,GCS_GRS_1980,6019,D_GRS_1980,6019,9122,7019,8901,0,0,6422,,0,,,,,,,,
4020,GCS_Helmert_1906,6020,D_Helmert_1906,6020,9122,7020,8901,0,0,6422,,0,,,,,,,,
4021,GCS_Indonesian,6021,D_Indonesian,6021,9122,7021,8901,0,0,6422,,0,,,,,,,,
4022,GCS_International_1924,6022,D_International_1924,6022,9122,7022,8901,0,0,6422,,0,,,,,,,,
4023,GCS_MOLDREF99,1032,D_MOLDREF99,1032,9122,7019,8901,1,0,6422,5585,0,9603,0,0,0,,,,
4024,GCS_Krasovsky_1940,6024,D_Krasovsky_1940,6024,9122,7024,8901,0,0,6422,,0,,,,,,,,
4025,GCS_NWL_9D,6025,D_NWL_9D,6025,9122,7025,8901,0,0,6422,,0,,,,,,,,
4027,GCS_Plessis_1817,6027,D_Plessis_1817,6027,9122,7027,8901,0,0,6422,,0,,,,,,,,
4028,GCS_Struve_1860,6028,D_Struve_1860,6028,9122,7028,8901,0,0,6422,,0,,,,,,,,
4029,GCS_War_Office,6029,D_War_Office,6029,9122,7029,8901,0,0,6422,,0,,,,,,,,
4030,Unknown datum based upon the WGS 84 ellipsoid,6030,"Not specified (based on WGS 84 ellipsoid)",6030,9122,7030,8901,0,0,6422,,0,,,,,,,,
4031,GCS_GEM_10C,6031,D_GEM_10C,6031,9122,7031,8901,0,0,6422,,0,,,,,,,,
4032,GCS_OSU_86F,6032,D_OSU_86F,6032,9122,7032,8901,0,0,6422,,0,,,,,,,,
4033,GCS_OSU_91A,6033,D_OSU_91A,6033,9122,7033,8901,0,0,6422,,0,,,,,,,,
4034,GCS_Clarke_1880,6034,D_Clarke_1880,6034,9122,7034,8901,0,0,6422,,0,,,,,,,,
4035,GCS_Sphere,6035,D_Sphere,6035,9108,7035,8901,0,1,6402,,0,,,,,,,,
4036,GCS_GRS_1967,6036,D_GRS_1967,6036,9122,7036,8901,0,0,6422,,0,,,,,,,,
4041,Unknown datum based upon the Average Terrestrial System 1977 ellipsoid,6041,"Not specified (based on Average Terrestrial System 1977 ellipsoid)",6041,9122,7041,8901,0,0,6422,,0,,,,,,,,
4042,GCS_Everest_1830,6042,D_Everest_1830,6042,9122,7042,8901,0,0,6422,,0,,,,,,,,
4043,Unknown datum based upon the WGS 72 ellipsoid,6043,"Not specified (based on WGS 72 ellipsoid)",6043,9122,7043,8901,0,0,6422,,0,,,,,,,,
4044,GCS_Everest_def_1962,6044,D_Everest_Def_1962,6044,9122,7044,8901,0,0,6422,,0,,,,,,,,
4045,GCS_Everest_def_1975,6045,D_Everest_Def_1975,6045,9122,7045,8901,0,0,6422,,0,,,,,,,,
4046,GCS_RGRDC_2005,1033,D_Reseau_Geodesique_de_la_RDC_2005,1033,9122,7019,8901,1,0,6422,4064,0,9603,0,0,0,,,,
4047,GCS_Sphere_GRS_1980_Authalic,6047,D_Sphere_GRS_1980_Authalic,6047,9122,7048,8901,0,0,6422,,0,,,,,,,,
4052,GCS_Sphere_Clarke_1866_Authalic,6052,D_Sphere_Clarke_1866_Authalic,6052,9122,7052,8901,0,0,6422,,0,,,,,,,,
4053,GCS_Sphere_International_1924_Authalic,6053,D_Sphere_International_1924_Authalic,6053,9122,7057,8901,0,0,6422,,0,,,,,,,,
4054,GCS_Hughes_1980,6054,D_Hughes_1980,6054,9122,7058,8901,0,0,6422,,0,,,,,,,,
4055,GCS_WGS_1984_Major_Auxiliary_Sphere,6055,D_WGS_1984_Major_Auxiliary_Sphere,6055,9122,7059,8901,1,1,6422,15973,0,9603,0,0,0,,,,
4075,GCS_SREF98,1034,D_Serbian_Reference_Network_1998,1034,9122,7019,8901,1,0,6422,4077,0,9603,0,0,0,,,,
4081,GCS_REGCAN95,1035,D_Red_Geodesica_de_Canarias_1995,1035,9122,7019,8901,1,0,6422,4084,0,9603,0,0,0,,,,
4120,GCS_Greek,6120,D_Greek,6120,9122,7004,8901,1,0,6422,,0,,,,,,,,
4121,GCS_GGRS_1987,6121,D_GGRS_1987,6121,9122,7019,8901,1,0,6422,1272,0,9603,-199.87,74.79,246.62,,,,
4122,GCS_ATS_1977,6122,D_ATS_1977,6122,9122,7041,8901,1,0,6422,,0,,,,,,,,
4123,GCS_KKJ,6123,D_KKJ,6123,9122,7022,8901,1,0,6422,10099,1,9607,-96.062,-82.428,-121.753,-4.801,-0.345,1.376,1.496
4124,GCS_RT_1990,6124,D_RT_1990,6124,9122,7004,8901,1,0,6422,1896,1,9607,414.1,41.3,603.1,0.855,-2.141,7.023,0
4125,GCS_Samboja,6125,D_Samboja,6125,9108,7004,8901,1,1,6402,1282,0,9603,-404.78,685.68,45.47,,,,
4126,GCS_LKS_1994,6126,D_Lithuania_1994,6126,9108,7019,8901,1,1,6402,,0,,,,,,,,
4127,GCS_Tete,6127,D_Tete,6127,9122,7008,8901,1,0,6422,1686,1,9607,-73.472,-51.66,-112.482,-0.953,-4.6,2.368,0.586
4128,GCS_Madzansua,6128,D_Madzansua,6128,9122,7008,8901,1,0,6422,,0,,,,,,,,
4129,GCS_Observatario,6129,D_Observatario,6129,9122,7008,8901,1,0,6422,,0,,,,,,,,
4130,GCS_Moznet,6130,D_Moznet,6130,9122,7030,8901,1,0,6422,1302,0,9607,0,0,0,0,0,0,0
4131,GCS_Indian_1960,6131,D_Indian_1960,6131,9122,7015,8901,1,0,6422,1542,1,9603,198,881,317,,,,
4132,GCS_FD_1958,6132,D_FD_1958,6132,9122,7012,8901,1,0,6422,1513,1,9603,-241.54,-163.64,396.06,,,,
4133,GCS_Estonia_1992,6133,D_Estonia_1992,6133,9122,7019,8901,1,0,6422,1333,0,9607,0.055,-0.541,-0.185,-0.0183,0.0003,0.007,-0.014
4134,GCS_PDO_1993,6134,D_PDO_1993,6134,9122,7012,8901,1,0,6422,1439,1,9606,-180.624,-225.516,173.919,-0.81,-1.898,8.336,16.71006
4135,GCS_Old_Hawaiian,6135,D_Old_Hawaiian,6135,9122,7008,8901,1,0,6422,15824,1,9603,61,-285,-181,,,,
4136,GCS_St_Lawrence_Island,6136,D_St_Lawrence_Island,6136,9122,7008,8901,1,0,6422,,0,,,,,,,,
4137,GCS_St_Paul_Island,6137,D_St_Paul_Island,6137,9122,7008,8901,1,0,6422,,0,,,,,,,,
4138,GCS_St_George_Island,6138,D_St_George_Island,6138,9122,7008,8901,1,0,6422,,0,,,,,,,,
4139,GCS_Puerto_Rico,6139,D_Puerto_Rico,6139,9122,7008,8901,1,0,6422,1893,0,9603,11,72,-101,,,,
4140,GCS_North_American_1983_CSRS,6140,D_North_American_1983_CSRS,6140,9108,7019,8901,1,1,6402,1473,0,9603,0,0,0,,,,
4141,GCS_Israel,6141,D_Israel,6141,9122,7019,8901,1,0,6422,1073,0,9603,-48,55,52,,,,
4142,GCS_Locodjo_1965,6142,D_Locodjo_1965,6142,9122,7012,8901,1,0,6422,1469,0,9603,-125,53,467,,,,
4143,GCS_Abidjan_1987,6143,D_Abidjan_1987,6143,9122,7012,8901,1,0,6422,1470,0,9603,-124.76,53,466.79,,,,
4144,GCS_Kalianpur_1937,6144,D_Kalianpur_1937,6144,9122,7015,8901,1,0,6422,1533,1,9603,214,804,268,,,,
4145,GCS_Kalianpur_1962,6145,D_Kalianpur_1962,6145,9122,7044,8901,1,0,6422,1247,1,9603,283,682,231,,,,
4146,GCS_Kalianpur_1975,6146,D_Kalianpur_1975,6146,9122,7045,8901,1,0,6422,1156,0,9603,295,736,257,,,,
4147,GCS_Hanoi_1972,6147,D_Hanoi_1972,6147,9122,7024,8901,1,0,6422,1544,0,9603,-17.51,-108.32,-62.39,,,,
4148,GCS_Hartebeesthoek_1994,6148,D_Hartebeesthoek_1994,6148,9122,7030,8901,1,0,6422,1505,0,9603,0,0,0,,,,
4149,GCS_CH1903,6149,D_CH1903,6149,9122,7004,8901,1,0,6422,1766,1,9603,674.4,15.1,405.3,,,,
4150,GCS_CH1903+,6150,D_CH1903+,6150,9122,7004,8901,1,0,6422,1676,0,9603,674.374,15.056,405.346,,,,
4151,GCS_Swiss_TRF_1995,6151,D_Swiss_TRF_1995,6151,9122,7019,8901,1,0,6422,1511,0,9603,0,0,0,,,,
4152,GCS_North_American_1983_HARN,6152,D_North_American_1983_HARN,6152,9122,7019,8901,1,0,6422,1580,1,9603,0,0,0,,,,
4153,GCS_Rassadiran,6153,D_Rassadiran,6153,9122,7022,8901,1,0,6422,1512,0,9603,-133.63,-157.5,-158.62,,,,
4154,GCS_European_1950_ED77,6154,D_European_1950_ED77,6154,9122,7022,8901,1,0,6422,1141,1,9603,-117,-132,-164,,,,
4155,GCS_Dabola_1981,6155,D_Dabola_1981,6155,9122,7011,8901,1,0,6422,1518,0,9603,-83,37,124,,,,
4156,GCS_S_JTSK,6156,D_S_JTSK,6156,9122,7004,8901,1,0,6422,15965,1,9603,589,76,480,,,,
4157,GCS_Mount_Dillon,6157,D_Mount_Dillon,6157,9122,7007,8901,1,0,6422,,0,,,,,,,,
4158,GCS_Naparima_1955,6158,D_Naparima_1955,6158,9122,7022,8901,1,0,6422,1555,1,9603,-0.465,372.095,171.736,,,,
4159,GCS_European_Libyan_Datum_1979,6159,D_European_Libyan_1979,6159,9122,7022,8901,1,0,6422,15909,1,9603,-115.8543,-99.0583,-152.4616,,,,
4160,GCS_Chos_Malal_1914,6160,D_Chos_Malal_1914,6160,9122,7022,8901,1,0,6422,,0,,,,,,,,
4161,GCS_Pampa_del_Castillo,6161,D_Pampa_del_Castillo,6161,9122,7022,8901,1,0,6422,15845,0,9603,27.5,14,186.4,,,,
4162,GCS_Korean_Datum_1985,6162,D_Korean_Datum_1985,6162,9122,7004,8901,1,0,6422,,0,,,,,,,,
4163,GCS_Yemen_NGN_1996,6163,D_Yemen_NGN_1996,6163,9122,7030,8901,1,0,6422,1540,0,9603,0,0,0,,,,
4164,GCS_South_Yemen,6164,D_South_Yemen,6164,9122,7024,8901,1,0,6422,1682,0,9603,-76,-138,67,,,,
4165,GCS_Bissau,6165,D_Bissau,6165,9122,7022,8901,1,0,6422,1547,0,9603,-173,253,27,,,,
4166,GCS_Korean_Datum_1995,6166,D_Korean_Datum_1995,6166,9122,7030,8901,1,0,6422,1558,0,9603,0,0,0,,,,
4167,GCS_NZGD_2000,6167,D_NZGD_2000,6167,9122,7019,8901,1,0,6422,1565,0,9603,0,0,0,,,,
4168,GCS_Accra,6168,D_Accra,6168,9122,7029,8901,1,0,6422,1569,1,9603,-199,32,322,,,,
4169,GCS_American_Samoa_1962,6169,D_American_Samoa_1962,6169,9122,7008,8901,1,0,6422,1577,0,9603,-115,118,426,,,,
4170,GCS_SIRGAS,6170,D_SIRGAS,6170,9122,7019,8901,1,0,6422,1581,0,9603,0,0,0,,,,
4171,GCS_RGF_1993,6171,D_RGF_1993,6171,9122,7019,8901,1,0,6422,1671,0,9603,0,0,0,,,,
4172,GCS_POSGAR,6172,D_POSGAR,6172,9108,7019,8901,1,1,6402,1598,0,9603,0,0,0,,,,
4173,GCS_IRENET95,6173,D_IRENET95,6173,9122,7019,8901,1,0,6422,1678,0,9603,0,0,0,,,,
4174,GCS_Sierra_Leone_1924,6174,D_Sierra_Leone_1924,6174,9122,7029,8901,1,0,6422,,0,,,,,,,,
4175,GCS_Sierra_Leone_1968,6175,D_Sierra_Leone_1968,6175,9122,7012,8901,1,0,6422,1614,0,9603,-88,4,101,,,,
4176,GCS_Australian_Antarctic_1998,6176,D_Australian_Antarctic_1998,6176,9122,7019,8901,1,0,6422,1890,0,9603,0,0,0,,,,
4178,GCS_Pulkovo_1942_Adj_1983,6178,D_Pulkovo_1942_Adj_1983,6178,9122,7024,8901,1,0,6422,15998,1,9603,26,-121,-78,,,,
4179,GCS_Pulkovo_1942_Adj_1958,6179,D_Pulkovo_1942_Adj_1958,6179,9122,7024,8901,1,0,6422,1645,1,9606,33.4,-146.6,-76.3,-0.359,-0.053,0.844,-0.84
4180,GCS_Estonia_1997,6180,D_Estonia_1997,6180,9122,7019,8901,1,0,6422,1649,0,9603,0,0,0,,,,
4181,GCS_Luxembourg_1930,6181,D_Luxembourg_1930,6181,9122,7022,8901,1,0,6422,5486,1,9607,-189.6806,18.3463,-42.7695,0.33746,3.09264,-2.53861,0.4598
4182,GCS_Azores_Occidental_1939,6182,D_Azores_Occidental_Islands_1939,6182,9122,7022,8901,1,0,6422,1887,1,9603,-425,-169,81,,,,
4183,GCS_Azores_Central_1948,6183,D_Azores_Central_Islands_1948,6183,9122,7022,8901,1,0,6422,1886,0,9603,-104,167,-38,,,,
4184,GCS_Azores_Oriental_1940,6184,D_Azores_Oriental_Islands_1940,6184,9122,7022,8901,1,0,6422,1885,0,9603,-203,141,53,,,,
4185,GCS_Madeira_1936,6185,D_Madeira_1936,6185,9108,7022,8901,1,1,6402,,0,,,,,,,,
4188,GCS_OSNI_1952,6188,D_OSNI_1952,6188,9122,7001,8901,1,0,6422,1955,0,9606,482.5,-130.6,564.6,-1.042,-0.214,-0.631,8.15
4189,GCS_REGVEN,6189,D_REGVEN,6189,9122,7019,8901,1,0,6422,1768,0,9603,0,0,0,,,,
4190,GCS_POSGAR_1998,6190,D_POSGAR_1998,6190,9122,7019,8901,1,0,6422,1773,1,9603,0,0,0,,,,
4191,GCS_Albanian_1987,6191,D_Albanian_1987,6191,9122,7024,8901,1,0,6422,,0
4192,GCS_Douala_1948,6192,D_Douala_1948,6192,9122,7022,8901,1,0,6422,15873,0,9603,-206.1,-174.7,-87.7,,,,
4193,GCS_Manoca_1962,6193,D_Manoca_1962,6193,9122,7011,8901,1,0,6422,1796,0,9603,-70.9,-151.8,-41.4,,,,
4194,GCS_Qornoq_1927,6194,D_Qornoq_1927,6194,9122,7022,8901,1,0,6422,1797,1,9603,164,138,-189,,,,
4195,GCS_Scoresbysund_1952,6195,D_Scoresbysund_1952,6195,9122,7022,8901,1,0,6422,1799,0,9606,105,326,-102.5,0,0,0.814,-0.6
4196,GCS_Ammassalik_1958,6196,D_Ammassalik_1958,6196,9122,7022,8901,1,0,6422,1800,0,9606,-45,417,-3.5,0,0,0.814,-0.6
4197,GCS_Garoua,6197,D_Garoua,6197,9122,7012,8901,1,0,6422,,0,,,,,,,,
4198,GCS_Kousseri,6198,D_Kousseri,6198,9122,7012,8901,1,0,6422,,0,,,,,,,,
4199,GCS_Egypt_1930,6199,D_Egypt_1930,6199,9122,7022,8901,1,0,6422,,0,,,,,,,,
4200,GCS_Pulkovo_1995,6200,D_Pulkovo_1995,6200,9122,7024,8901,1,0,6422,5043,1,9607,24.47,-130.89,-81.56,0,0,-0.13,-0.22
4201,GCS_Adindan,6201,D_Adindan,6201,9122,7012,8901,1,0,6422,1100,1,9603,-166,-15,204,,,,
4202,GCS_Australian_1966,6202,D_Australian_1966,6202,9122,7003,8901,1,0,6422,15980,1,9607,-117.808,-51.536,137.784,-0.303,-0.446,-0.234,-0.29
4203,GCS_Australian_1984,6203,D_Australian_1984,6203,9122,7003,8901,1,0,6422,1109,1,9603,-134,-48,149,,,,
4204,GCS_Ain_el_Abd_1970,6204,D_Ain_el_Abd_1970,6204,9122,7022,8901,1,0,6422,1111,1,9603,-143,-236,7,,,,
4205,GCS_Afgooye,6205,D_Afgooye,6205,9122,7024,8901,1,0,6422,1107,0,9603,-43,-163,45,,,,
4206,GCS_Agadez,6206,D_Agadez,6206,9122,7011,8901,1,0,6422,,0,,,,,,,,
4207,GCS_Lisbon,6207,D_Lisbon,6207,9122,7022,8901,1,0,6422,1984,1,9603,-304.046,-60.576,103.64,,,,
4208,GCS_Aratu,6208,D_Aratu,6208,9122,7022,8901,1,0,6422,5067,1,9603,-151.99,287.04,-147.45,,,,
4209,GCS_Arc_1950,6209,D_Arc_1950,6209,9122,7013,8901,1,0,6422,1113,1,9603,-143,-90,-294,,,,
4210,GCS_Arc_1960,6210,D_Arc_1960,6210,9122,7012,8901,1,0,6422,1122,1,9603,-160,-6,-302,,,,
4211,GCS_Batavia,6211,D_Batavia,6211,9122,7004,8901,1,0,6422,1123,1,9603,-377,681,-50,,,,
4212,GCS_Barbados_1938,6212,D_Barbados_1938,6212,9122,7012,8901,1,0,6422,15793,0,9603,31.95,300.99,419.19,,,,
4213,GCS_Beduaram,6213,D_Beduaram,6213,9122,7011,8901,1,0,6422,15849,0,9603,-106,-87,188,,,,
4214,GCS_Beijing_1954,6214,D_Beijing_1954,6214,9122,7024,8901,1,0,6422,15921,1,9603,15.8,-154.4,-82.3,,,,
4215,GCS_Belge_1950,6215,D_Belge_1950,6215,9122,7022,8901,1,0,6422,,0,,,,,,,,
4216,GCS_Bermuda_1957,6216,D_Bermuda_1957,6216,9122,7008,8901,1,0,6422,1124,1,9603,-73,213,296,,,,
4218,GCS_Bogota,6218,D_Bogota,6218,9122,7022,8901,1,0,6422,1125,1,9603,307,304,-318,,,,
4219,GCS_Bukit_Rimpah,6219,D_Bukit_Rimpah,6219,9122,7004,8901,1,0,6422,1126,0,9603,-384,664,-48,,,,
4220,GCS_Camacupa,6220,D_Camacupa,6220,9122,7012,8901,1,0,6422,1327,1,9603,-50.9,-347.6,-231,,,,
4221,GCS_Campo_Inchauspe,6221,D_Campo_Inchauspe,6221,9122,7022,8901,1,0,6422,1127,1,9603,-148,136,90,,,,
4222,GCS_Cape,6222,D_Cape,6222,9122,7013,8901,1,0,6422,1128,1,9603,-136,-108,-292,,,,
4223,GCS_Carthage,6223,D_Carthage,6223,9122,7011,8901,1,0,6422,1130,1,9603,-263,6,431,,,,
4224,GCS_Chua,6224,D_Chua,6224,9122,7022,8901,1,0,6422,1131,1,9603,-134,229,-29,,,,
4225,GCS_Corrego_Alegre,6225,D_Corrego_Alegre,6225,9122,7022,8901,1,0,6422,1132,1,9603,-206,172,-6,,,,
4226,GCS_Cote_d_Ivoire,6226,D_Cote_d_Ivoire,6226,9108,7011,8901,1,1,6402,,0,,,,,,,,
4227,GCS_Deir_ez_Zor,6227,D_Deir_ez_Zor,6227,9122,7011,8901,1,0,6422,15742,1,9603,-190.421,8.532,238.69,,,,
4228,GCS_Douala,6228,D_Douala,6228,9108,7011,8901,1,1,6402,,0,,,,,,,,
4229,GCS_Egypt_1907,6229,D_Egypt_1907,6229,9122,7020,8901,1,0,6422,1148,1,9603,-130,110,-13,,,,
4230,GCS_European_1950,6230,D_European_1950,6230,9122,7022,8901,1,0,6422,1133,1,9603,-87,-98,-121,,,,
4231,GCS_European_1987,6231,D_European_1987,6231,9122,7022,8901,1,0,6422,3905,1,9606,-83.11,-97.38,-117.22,0.00569290865241986,-0.0446975835137458,0.0442850539012516,0.1218
4232,GCS_Fahud,6232,D_Fahud,6232,9122,7012,8901,1,0,6422,1256,1,9603,-346,-1,224
4233,GCS_Gandajika_1970,6233,D_Gandajika_1970,6233,9122,7022,8901,1,1,6422,1894,0,9603,-133,-321,50,,,,
4234,GCS_Garoua,6234,D_Garoua,6234,9108,7011,8901,1,1,6402,,0,,,,,,,,
4235,GCS_Guyane_Francaise,6235,D_Guyane_Francaise,6235,9108,7022,8901,1,1,6402,,0,,,,,,,,
4236,GCS_Hu_Tzu_Shan,6236,D_Hu_Tzu_Shan,6236,9122,7022,8901,1,0,6422,1152,0,9603,-637,-549,-203,,,,
4237,GCS_Hungarian_1972,6237,D_Hungarian_1972,6237,9122,7036,8901,1,0,6422,1242,1,9603,52.17,-71.82,-14.9,,,,
4238,GCS_Indonesian_1974,6238,D_Indonesian_1974,6238,9122,7021,8901,1,0,6422,1248,1,9603,-24,-15,5,,,,
4239,GCS_Indian_1954,6239,D_Indian_1954,6239,9122,7015,8901,1,0,6422,1153,0,9603,217,823,299,,,,
4240,GCS_Indian_1975,6240,D_Indian_1975,6240,9122,7015,8901,1,0,6422,1304,1,9603,210,814,289,,,,
4241,GCS_Jamaica_1875,6241,D_Jamaica_1875,6241,9122,7034,8901,1,0,6422,,0,,,,,,,,
4242,GCS_Jamaica_1969,6242,D_Jamaica_1969,6242,9122,7008,8901,1,0,6422,1084,1,9603,70,207,389.5,,,,
4243,GCS_Kalianpur_1880,6243,D_Kalianpur_1880,6243,9122,7042,8901,1,0,6422,,0,,,,,,,,
4244,GCS_Kandawala,6244,D_Kandawala,6244,9122,7015,8901,1,0,6422,1157,0,9603,-97,787,86,,,,
4245,GCS_Kertau,6245,D_Kertau,6245,9122,7018,8901,1,0,6422,1158,0,9603,-11,851,5,,,,
4246,GCS_Kuwait_Oil_Company,6246,D_Kuwait_Oil_Company,6246,9122,7012,8901,1,0,6422,1059,0,9603,-294.7,-200.1,525.5,,,,
4247,GCS_La_Canoa,6247,D_La_Canoa,6247,9122,7022,8901,1,0,6422,1516,0,9603,-273.5,110.6,-357.9,,,,
4248,GCS_Provisional_S_American_1956,6248,D_Provisional_S_American_1956,6248,9122,7022,8901,1,0,6422,1201,1,9603,-288,175,-376,,,,
4249,GCS_Lake,6249,D_Lake,6249,9122,7022,8901,1,0,6422,,0,,,,,,,,
4250,GCS_Leigon,6250,D_Leigon,6250,9122,7012,8901,1,0,6422,1159,0,9603,-130,29,364,,,,
4251,GCS_Liberia_1964,6251,D_Liberia_1964,6251,9122,7012,8901,1,0,6422,1160,0,9603,-90,40,88,,,,
4252,GCS_Lome,6252,D_Lome,6252,9122,7011,8901,1,0,6422,,0,,,,,,,,
4253,GCS_Luzon_1911,6253,D_Luzon_1911,6253,9122,7008,8901,1,0,6422,1161,1,9603,-133,-77,-51,,,,
4254,GCS_Hito_XVIII_1963,6254,D_Hito_XVIII_1963,6254,9122,7022,8901,1,0,6422,1892,1,9603,16,196,93,,,,
4255,GCS_Herat_North,6255,D_Herat_North,6255,9122,7022,8901,1,0,6422,1246,0,9603,-333,-222,114,,,,
4256,GCS_Mahe_1971,6256,D_Mahe_1971,6256,9122,7012,8901,1,0,6422,1164,0,9603,41,-220,-134,,,,
4257,GCS_Makassar,6257,D_Makassar,6257,9122,7004,8901,1,0,6422,1837,0,9603,-587.8,519.75,145.76,,,,
4258,GCS_ETRS_1989,6258,D_ETRS_1989,6258,9122,7019,8901,1,0,6422,1149,1,9603,0,0,0,,,,
4259,GCS_Malongo_1987,6259,D_Malongo_1987,6259,9122,7022,8901,1,0,6422,1557,1,9603,-254.1,-5.36,-100.29,,,,
4260,GCS_Manoca,6260,D_Manoca,6260,9108,7012,8901,1,1,6402,1316,0,9603,-70.9,-151.8,-41.4,,,,
4261,GCS_Merchich,6261,D_Merchich,6261,9105,7011,8901,1,0,6422,1166,0,9603,31,146,47,,,,
4262,GCS_Massawa,6262,D_Massawa,6262,9122,7004,8901,1,0,6422,1165,0,9603,639,405,60,,,,
4263,GCS_Minna,6263,D_Minna,6263,9122,7012,8901,1,0,6422,1168,1,9603,-92,-93,122,,,,
4264,GCS_Mhast,6264,D_Mhast,6264,9122,7022,8901,1,1,6422,1329,0,9603,-252.95,-4.11,-96.38,,,,
4265,GCS_Monte_Mario,6265,D_Monte_Mario,6265,9122,7022,8901,1,0,6422,1660,1,9606,-104.1,-49.1,-9.9,0.971,-2.917,0.714,-11.68
4266,GCS_Mporaloko,6266,D_Mporaloko,6266,9122,7011,8901,1,0,6422,1163,1,9603,-74,-130,42,,,,
4267,GCS_North_American_1927,6267,D_North_American_1927,6267,9122,7008,8901,1,0,6422,,0,,,,,,,,
4268,GCS_North_American_Michigan,6268,D_North_American_Michigan,6268,9122,7009,8901,1,0,6422,,0,,,,,,,,
4269,GCS_North_American_1983,6269,D_North_American_1983,6269,9122,7019,8901,1,0,6422,1188,1,9603,0,0,0,,,,
4270,GCS_Nahrwan_1967,6270,D_Nahrwan_1967,6270,9122,7012,8901,1,0,6422,15871,1,9603,-242.2,-144.9,370.3,,,,
4271,GCS_Naparima_1972,6271,D_Naparima_1972,6271,9122,7022,8901,1,0,6422,1192,1,9603,-10,375,165,,,,
4272,GCS_New_Zealand_1949,6272,D_New_Zealand_1949,6272,9122,7022,8901,1,0,6422,1564,1,9607,59.47,-5.04,187.44,-0.47,0.1,-1.024,-4.5993
4273,GCS_NGO_1948,6273,D_NGO_1948,6273,9122,7005,8901,1,0,6422,1654,0,9606,278.3,93,474.5,7.889,0.05,-6.61,6.21
4274,GCS_Datum_73,6274,D_Datum_73,6274,9122,7022,8901,1,0,6422,1983,1,9603,-223.237,110.193,36.649,,,,
4275,GCS_NTF,6275,D_NTF,6275,9122,7011,8901,1,0,6422,1193,0,9603,-168,-60,320,,,,
4276,GCS_NSWC_9Z_2,6276,D_NSWC_9Z_2,6276,9122,7025,8901,1,0,6422,,0,,,,,,,,
4277,GCS_OSGB_1936,6277,D_OSGB_1936,6277,9122,7001,8901,1,0,6422,1314,1,9606,446.448,-125.157,542.06,0.15,0.247,0.842,-20.489
4278,GCS_OSGB_1970_SN,6278,D_OSGB_1970_SN,6278,9122,7001,8901,1,0,6422,,0,,,,,,,,
4279,GCS_OS_SN_1980,6279,D_OS_SN_1980,6279,9122,7001,8901,1,0,6422,,0,,,,,,,,
4280,GCS_Padang_1884,6280,D_Padang_1884,6280,9122,7004,8901,1,0,6422,,0,,,,,,,,
4281,GCS_Palestine_1923,6281,D_Palestine_1923,6281,9122,7010,8901,1,0,6422,1074,0,9606,-275.7224,94.7824,340.8944,-8.001,-4.42,-11.821,1
4282,GCS_Pointe_Noire,6282,D_Pointe_Noire,6282,9122,7011,8901,1,0,6422,1200,1,9603,-148,51,-291,,,,
4283,GCS_GDA_1994,6283,D_GDA_1994,6283,9122,7019,8901,1,0,6422,1150,0,9603,0,0,0,,,,
4284,GCS_Pulkovo_1942,6284,D_Pulkovo_1942,6284,9122,7024,8901,1,0,6422,1267,1,9607,23.92,-141.27,-80.9,0,-0.35,-0.82,-0.12
4285,GCS_Qatar_1974,6285,D_Qatar,6285,9122,7022,8901,1,0,6422,1562,1,9603,-128.16,-282.42,21.93,,,,
4286,GCS_Qatar_1948,6286,D_Qatar_1948,6286,9122,7020,8901,1,0,6422,,0,,,,,,,,
4287,GCS_Qornoq,6287,D_Qornoq,6287,9108,7022,8901,1,1,6402,1211,0,9603,164,138,-189,,,,
4288,GCS_Loma_Quintana,6288,D_Loma_Quintana,6288,9122,7022,8901,1,0,6422,,0,,,,,,,,
4289,GCS_Amersfoort,6289,D_Amersfoort,6289,9122,7004,8901,1,0,6422,4833,1,9607,565.4171,50.3319,465.5524,0.398957388243134,-0.343987817378283,1.87740163998045,4.0725
4291,GCS_South_American_1969,6291,D_South_American_1969,6291,9108,7036,8901,1,1,6402,1212,1,9603,-57,1,-41,,,,
4292,GCS_Sapper_Hill_1943,6292,D_Sapper_Hill_1943,6292,9122,7022,8901,1,0,6422,1225,0,9603,-355,21,72,,,,
4293,GCS_Schwarzeck,6293,D_Schwarzeck,6293,9122,7046,8901,1,0,6422,1226,1,9603,616,97,-251,,,,
4294,GCS_Segora,6294,D_Segora,6294,9108,7004,8901,1,1,6402,1286,1,9603,-403,684,41,,,,
4295,GCS_Serindung,6295,D_Serindung,6295,9122,7004,8901,1,0,6422,,0,,,,,,,,
4296,GCS_Sudan,6296,D_Sudan,6296,9108,7011,8901,1,1,6402,,0,,,,,,,,
4297,GCS_Tananarive_1925,6297,D_Tananarive_1925,6297,9122,7022,8901,1,0,6422,1227,0,9603,-189,-242,-91,,,,
4298,GCS_Timbalai_1948,6298,D_Timbalai_1948,6298,9122,7016,8901,1,0,6422,1228,1,9603,-679,669,-48,,,,
4299,GCS_TM65,6299,D_TM65,6299,9122,7002,8901,1,0,6422,1641,1,9606,482.5,-130.6,564.6,-1.042,-0.214,-0.631,8.15
4300,GCS_TM75,6300,D_TM75,6300,9122,7002,8901,1,0,6422,1954,1,9606,482.5,-130.6,564.6,-1.042,-0.214,-0.631,8.15
4301,GCS_Tokyo,6301,D_Tokyo,6301,9122,7004,8901,1,0,6422,15484,1,9603,-146.414,507.337,680.507,,,,
4302,GCS_Trinidad_1903,6302,D_Trinidad_1903,6302,9122,7007,8901,1,0,6422,1296,1,9603,-61.702,284.488,472.052,,,,
4303,GCS_Trucial_Coast_1948,6303,D_Trucial_Coast_1948,6303,9122,7020,8901,1,0,6422,,0,,,,,,,,
4304,GCS_Voirol_1875,6304,D_Voirol_1875,6304,9122,7011,8901,1,0,6422,1294,0,9603,-73,-247,227,,,,
4305,GCS_Voirol_Unifie_1960,6306,D_Voirol_Unifie_1960,6305,9105,7012,8901,1,0,6422,,0
4306,GCS_Bern_1938,6306,D_Bern_1938,6306,9122,7004,8901,1,0,6422,,0,,,,,,,,
4307,GCS_Nord_Sahara_1959,6307,D_Nord_Sahara_1959,6307,9122,7012,8901,1,0,6422,5660,1,9606,-209.3622,-87.8162,404.6198,0.0046,3.4784,0.5805,-1.4547
4308,GCS_RT38,6308,D_Stockholm_1938,6308,9122,7004,8901,1,0,6422,,0,,,,,,,,
4309,GCS_Yacare,6309,D_Yacare,6309,9122,7022,8901,1,0,6422,1234,1,9603,-155,171,37,,,,
4310,GCS_Yoff,6310,D_Yoff,6310,9122,7011,8901,1,0,6422,,0,,,,,,,,
4311,GCS_Zanderij,6311,D_Zanderij,6311,9122,7022,8901,1,0,6422,1235,0,9603,-265,120,-358,,,,
4312,GCS_MGI,6312,D_MGI,6312,9122,7004,8901,1,0,6422,1618,1,9606,577.326,90.129,463.919,5.137,1.474,5.297,2.4232
4313,GCS_Belge_1972,6313,D_Belge_1972,6313,9122,7022,8901,1,0,6422,15929,1,9607,-106.8686,52.2978,-103.7239,-0.3366,0.457,-1.8422,-1.2747
4314,GCS_Deutsches_Hauptdreiecksnetz,6314,D_Deutsches_Hauptdreiecksnetz,6314,9122,7004,8901,1,0,6422,1777,1,9606,598.1,73.7,418.2,0.202,0.045,-2.455,6.7
4315,GCS_Conakry_1905,6315,D_Conakry_1905,6315,9122,7011,8901,1,0,6422,1517,0,9603,-23,259,-9,,,,
4316,GCS_Dealul_Piscului_1933,6316,D_Dealul_Piscului_1933,6316,9122,7022,8901,1,0,6422,1995,1,9603,103.25,-100.4,-307.19,,,,
4317,GCS_Dealul_Piscului_1970,6317,D_Dealul_Piscului_1970,6317,9122,7024,8901,1,1,6422,1097,1,9603,28,-121,-77,,,,
4318,GCS_NGN,6318,D_NGN,6318,9122,7030,8901,1,0,6422,1060,0,9603,-3.2,-5.7,2.8,,,,
4319,GCS_KUDAMS,6319,D_Kuwait_Utility,6319,9122,7019,8901,1,0,6422,1061,1,9603,-20.8,11.3,2.4,,,,
4322,GCS_WGS_1972,6322,D_WGS_1972,6322,9122,7043,8901,1,0,6422,1237,1,9606,0,0,4.5,0,0,0.554,0.2263
4324,GCS_WGS_1972_BE,6324,D_WGS_1972_BE,6324,9122,7043,8901,1,0,6422,1240,0,9606,0,0,1.9,0,0,0.814,-0.38
4326,GCS_WGS_1984,6326,D_WGS_1984,6326,9122,7030,8901,1,0,6422,,0,,,,,,,,
4463,GCS_RGSPM_2006,1038,D_Reseau_Geodesique_de_St_Pierre_et_Miquelon_2006,1038,9122,7019,8901,1,0,6422,4477,0,9603,0,0,0,,,,
4470,GCS_RGM_2004,1036,D_Reseau_Geodesique_de_Mayotte_2004,1036,9122,7019,8901,1,0,6422,4476,0,9603,0,0,0,,,,
4475,GCS_Cadastre_1997,1037,D_Cadastre_1997,1037,9122,7022,8901,1,0,6422,4290,0,9603,-381.788,-57.501,-256.673,,,,
4483,GCS_Mexican_Datum_of_1993,1042,D_Mexican_Datum_of_1993,1042,9122,7019,8901,1,0,6422,4832,0,9603,0,0,0,,,,
4490,GCS_China_Geodetic_Coordinate_System_2000,1043,D_China_2000,1043,9122,1024,8901,1,0,6422,,0,,,,,,,,
4555,GCS_New_Beijing,1045,D_New_Beijing,1045,9122,7024,8901,1,0,6422,,0,,,,,,,,
4558,GCS_RRAF_1991,1047,D_RRAF_1991,1047,9122,7019,8901,1,0,6422,4560,0,9603,0,0,0,,,,
4600,GCS_Anguilla_1957,6600,D_Anguilla_1957,6600,9122,7012,8901,1,0,6422,,0,,,,,,,,
4601,GCS_Antigua_1943,6601,D_Antigua_1943,6601,9122,7012,8901,1,0,6422,1441,1,9603,-255,-15,71,,,,
4602,GCS_Dominica_1945,6602,D_Dominica_1945,6602,9122,7012,8901,1,0,6422,1442,0,9603,725,685,536,,,,
4603,GCS_Grenada_1953,6603,D_Grenada_1953,6603,9122,7012,8901,1,0,6422,1443,0,9603,72,213.7,93,,,,
4604,GCS_Montserrat_1958,6604,D_Montserrat_1958,6604,9122,7012,8901,1,0,6422,1444,0,9603,174,359,365,,,,
4605,GCS_St_Kitts_1955,6605,D_St_Kitts_1955,6605,9122,7012,8901,1,0,6422,1445,1,9603,9,183,236,,,,
4606,GCS_St_Lucia_1955,6606,D_St_Lucia_1955,6606,9122,7012,8901,1,0,6422,1446,0,9603,-149,128,296,,,,
4607,GCS_St_Vincent_1945,6607,D_St_Vincent_1945,6607,9122,7012,8901,1,0,6422,1959,0,9603,195.671,332.517,274.607,,,,
4608,GCS_NAD_1927_Definition_1976,6608,D_NAD_1927_Definition_1976,6608,9122,7008,8901,1,0,6422,,0,,,,,,,,
4609,GCS_NAD_1927_CGQ77,6609,D_NAD_1927_CGQ77,6609,9122,7008,8901,1,0,6422,,0,,,,,,,,
4610,GCS_Xian_1980,6610,D_Xian_1980,6610,9122,7049,8901,1,0,6422,,0,,,,,,,,
4611,GCS_Hong_Kong_1980,6611,D_Hong_Kong_1980,6611,9122,7022,8901,1,0,6422,1825,0,9606,-162.619,-276.959,-161.764,0.067753,-2.243649,-1.158827,-1.094246
4612,GCS_JGD_2000,6612,D_JGD_2000,6612,9122,7019,8901,1,0,6422,1826,0,9603,0,0,0,,,,
4613,GCS_Gunung_Segara,6613,D_Gunung_Segara,6613,9122,7004,8901,1,0,6422,1897,1,9603,-403,684,41,,,,
4614,GCS_QND_1995,6614,D_QND_1995,6614,9122,7022,8901,1,0,6422,1840,0,9606,-119.4248,-303.65872,-11.00061,1.164298,0.174458,1.096259,3.657065
4615,GCS_Porto_Santo_1936,6615,D_Porto_Santo_1936,6615,9122,7022,8901,1,0,6422,1888,0,9603,-499,-249,314,,,,
4616,GCS_Selvagem_Grande_1938,6616,D_Selvagem_Grande_1938,6616,9122,7022,8901,1,0,6422,1965,1,9603,-289,-124,60,,,,
4617,GCS_North_American_1983_CSRS,6140,D_North_American_1983_CSRS,6140,9122,7019,8901,1,0,6422,1842,1,9603,0,0,0,,,,
4618,GCS_South_American_1969,6618,D_South_American_1969,6618,9122,7050,8901,1,0,6422,1864,1,9603,-57,1,-41,,,,
4619,GCS_SWEREF99,6619,D_SWEREF99,6619,9122,7019,8901,1,0,6422,1879,0,9603,0,0,0,,,,
4620,GCS_Point_58,6620,D_Point_58,6620,9122,7012,8901,1,0,6422,1880,0,9603,-106,-129,165,,,,
4621,GCS_Fort_Marigot,6621,D_Fort_Marigot,6621,9122,7022,8901,1,0,6422,1903,0,9603,137,248,-430,,,,
4622,GCS_Sainte_Anne,6622,D_Sainte_Anne,6622,9122,7022,8901,1,0,6422,1904,1,9603,-467,-16,-300,,,,
4623,GCS_CSG_1967,6623,D_CSG_1967,6623,9122,7022,8901,1,0,6422,1906,0,9603,-186,230,110,,,,
4624,GCS_RGFG_1995,6624,D_RGFG_1995,6624,9122,7019,8901,1,0,6422,4840,1,9603,0,0,0,,,,
4625,GCS_Fort_Desaix,6625,D_Fort_Desaix,6625,9122,7022,8901,1,0,6422,1909,1,9603,186,482,151,,,,
4626,GCS_Reunion_1947,6626,D_Reunion_1947,6626,9122,7022,8901,1,0,6422,15751,1,9603,94,-948,-1262,,,,
4627,GCS_RGR_1992,6627,D_RGR_1992,6627,9122,7019,8901,1,0,6422,1912,0,9603,0,0,0,,,,
4628,GCS_Tahiti_1952,6628,D_Tahiti_1952,6628,9122,7022,8901,1,0,6422,1924,0,9603,162,117,154,,,,
4629,GCS_Tahaa_1954,6629,D_Tahaa_1954,6629,9122,7022,8901,1,0,6422,15770,1,9607,72.438,345.918,79.486,-1.6045,-0.8823,-0.5565,1.3746
4630,GCS_IGN72_Nuku_Hiva,6630,D_IGN72_Nuku_Hiva,6630,9122,7022,8901,1,0,6422,1914,1,9603,84,274,65,,,,
4631,GCS_Kerguelen_Island_1949,6631,D_Kerguelen_Island_1949,6631,9122,7022,8901,1,1,6422,1915,0,9603,145,-187,103,,,,
4632,GCS_Combani_1950,6632,D_Combani_1950,6632,9122,7022,8901,1,0,6422,1916,0,9603,-382,-59,-262,,,,
4633,GCS_IGN56_Lifou,6633,D_IGN56_Lifou,6633,9122,7022,8901,1,0,6422,15902,1,9603,335.47,222.58,-230.94,,,,
4634,IGN72 Grand Terre,6634,IGN72 Grande Terre,6634,9108,7022,8901,1,1,6402,1918,1,9603,-13,-348,292,,,,
4635,GCS_ST87_Ouvea,6635,D_ST87_Ouvea,6635,9122,7022,8901,1,1,6422,1919,0,9606,-122.383,-188.696,103.344,3.5107,-4.9668,-5.7047,4.4798
4636,GCS_Petrels_1972,6636,D_Petrels_1972,6636,9122,7022,8901,1,0,6422,1921,0,9603,365,194,166,,,,
4637,GCS_Pointe_Geologie_Perroud_1950,6637,D_Pointe_Geologie_Perroud_1950,6637,9122,7022,8901,1,0,6422,1922,0,9603,325,154,172,,,,
4638,GCS_Saint_Pierre_et_Miquelon_1950,6638,D_Saint_Pierre_et_Miquelon_1950,6638,9122,7008,8901,1,0,6422,1923,0,9603,30,430,368,,,,
4639,GCS_MOP78,6639,D_MOP78,6639,9122,7022,8901,1,0,6422,15847,1,9603,253,-132,-127,,,,
4640,GCS_RRAF_1991,6640,D_RRAF_1991,6640,9122,7030,8901,1,1,6422,1934,0,9603,0,0,0,,,,
4641,GCS_IGN53_Mare,6641,D_IGN53_Mare,6641,9122,7022,8901,1,0,6422,15901,1,9603,287.58,177.78,-135.41,,,,
4642,GCS_ST84_Ile_des_Pins,6642,D_ST84_Ile_des_Pins,6642,9122,7022,8901,1,0,6422,15848,1,9603,-13,-348,292,,,,
4643,GCS_ST71_Belep,6643,D_ST71_Belep,6643,9122,7022,8901,1,0,6422,1931,0,9606,-480.26,-438.32,-643.429,16.3119,20.1721,-4.0349,-111.7002
4644,GCS_NEA74_Noumea,6644,D_NEA74_Noumea,6644,9122,7022,8901,1,0,6422,15904,1,9603,-10.18,-350.43,291.37,,,,
4645,GCS_RGNC_1991,6645,D_RGNC_1991,6645,9122,7022,8901,1,1,6422,1920,0,9603,0,0,0,,,,
4646,GCS_Grand_Comoros,6646,D_Grand_Comoros,6646,9122,7022,8901,1,0,6422,5521,0,9603,-963,510,-359,,,,
4657,GCS_Reykjavik_1900,6657,D_Reykjavik_1900,6657,9122,7051,8901,1,0,6422,1994,0,9603,-28,199,5,,,,
4658,GCS_Hjorsey_1955,6658,D_Hjorsey_1955,6658,9122,7022,8901,1,0,6422,1951,0,9603,-73,46,-86,,,,
4659,GCS_ISN_1993,6659,D_Islands_Network_1993,6659,9122,7019,8901,1,0,6422,1952,0,9603,0,0,0,,,,
4660,GCS_Helle_1954,6660,D_Helle_1954,6660,9122,7022,8901,1,0,6422,1957,0,9606,982.6087,552.753,-540.873,6.68162662527694,-31.6114924086422,-19.8481610048168,16.805
4661,GCS_LKS_1992,6661,D_Latvia_1992,6661,9122,7019,8901,1,0,6422,1958,0,9603,0,0,0,,,,
4662,GCS_IGN72_Grande_Terre,6634,D_IGN72_Grande_Terre,6634,9122,7022,8901,1,0,6422,15903,1,9603,-11.64,-348.6,291.98,,,,
4663,GCS_Porto_Santo_1995,6663,D_Porto_Santo_1995,6663,9122,7022,8901,1,0,6422,1966,1,9603,-502.862,-247.438,312.724,,,,
4664,GCS_Azores_Oriental_1995,6664,D_Azores_Oriental_Islands_1995,6664,9122,7022,8901,1,0,6422,1970,1,9603,-204.619,140.176,55.226,,,,
4665,GCS_Azores_Central_1995,6665,D_Azores_Central_Islands_1995,6665,9122,7022,8901,1,0,6422,1980,1,9603,-106.226,166.366,-37.893,,,,
4666,GCS_Lisbon_1890,6666,D_Lisbon_1890,6666,9122,7004,8901,1,0,6422,1986,1,9603,508.088,-191.042,565.223,,,,
4667,GCS_IKBD_1992,6667,D_Iraq_Kuwait_Boundary_1992,6667,9122,7030,8901,1,0,6422,1993,0,9603,0,0,0,,,,
4668,GCS_European_1979,6668,D_European_1979,6668,9122,7022,8901,1,0,6422,15752,0,9603,-86,-98,-119,,,,
4669,GCS_LKS_1994,6126,D_Lithuania_1994,6126,9122,7019,8901,1,0,6422,1283,0,9603,0,0,0,,,,
4670,GCS_IGM_1995,6670,D_IGM_1995,6670,9122,7030,8901,1,0,6422,1099,0,9603,0,0,0,,,,
4671,GCS_Voirol_1879,6671,D_Voirol_1879,6671,9122,7011,8901,1,0,6422,,0,,,,,,,,
4672,GCS_Chatham_Island_1971,6672,D_Chatham_Island_1971,6672,9122,7022,8901,1,0,6422,1080,0,9603,175,-38,113,,,,
4673,GCS_Chatham_Islands_1979,6673,D_Chatham_Islands_1979,6673,9122,7022,8901,1,0,6422,1081,0,9607,174.05,-25.49,112.57,0,0,-0.554,0.2263
4674,GCS_SIRGAS_2000,6674,D_SIRGAS_2000,6674,9122,7019,8901,1,0,6422,15894,0,9603,0,0,0,,,,
4675,GCS_Guam_1963,6675,D_Guam_1963,6675,9122,7008,8901,1,0,6422,1070,0,9603,-100,-248,259,,,,
4676,GCS_Vientiane_1982,6676,D_Vientiane_1982,6676,9122,7024,8901,1,0,6422,,0,,,,,,,,
4677,GCS_Lao_1993,6677,D_Lao_1993,6677,9122,7024,8901,1,0,6422,,0,,,,,,,,
4678,GCS_Lao_1997,6678,D_Lao_National_Datum_1997,6678,9122,7024,8901,1,0,6422,1065,0,9603,44.585,-131.212,-39.544,,,,
4679,GCS_Jouik_1961,6679,D_Jouik_1961,6679,9122,7012,8901,1,0,6422,15870,0,9603,-80.01,253.26,291.19,,,,
4680,GCS_Nouakchott_1965,6680,D_Nouakchott_1965,6680,9122,7012,8901,1,0,6422,15709,0,9603,124.5,-63.5,-281,,,,
4681,Mauritania 1999,6681,Mauritania 1999,6681,9122,7012,8901,1,1,6422,,0,,,,,,,,
4682,GCS_Gulshan_303,6682,D_Gulshan_303,6682,9122,7015,8901,1,0,6422,15779,1,9603,283.7,735.9,261.1,,,,
4683,GCS_PRS_1992,6683,D_Philippine_Reference_System_1992,6683,9122,7008,8901,1,0,6422,15708,0,9607,-127.62,-67.24,-47.04,3.068,-4.903,-1.578,-1.06
4684,GCS_Gan_1970,6684,D_Gan_1970,6684,9122,7022,8901,1,0,6422,15713,0,9603,-133,-321,50,,,,
4685,Gandajika,6685,Gandajika,6685,9122,7022,8901,1,1,6422,,0,,,,,,,,
4686,GCS_MAGNA,6686,D_MAGNA,6686,9122,7019,8901,1,0,6422,15738,0,9603,0,0,0,,,,
4687,GCS_RGPF,6687,D_Reseau_Geodesique_de_la_Polynesie_Francaise,6687,9122,7019,8901,1,0,6422,15832,1,9607,0.072,-0.507,-0.245,0.0183,-0.0003,0.007,-0.0093
4688,GCS_Fatu_Iva_1972,6688,D_Fatu_Iva_1972,6688,9122,7022,8901,1,0,6422,15772,0,9607,347.103,1078.125,2623.922,33.8875,-70.6773,9.3943,186.074
4689,GCS_IGN63_Hiva_Oa,6689,D_IGN63_Hiva_Oa,6689,9122,7022,8901,1,0,6422,15773,1,9607,410.721,55.049,80.746,-2.5779,-2.3514,-0.6664,17.3311
4690,GCS_Tahiti_1979,6690,D_Tahiti_1979,6690,9122,7022,8901,1,0,6422,4835,0,9607,221.525,152.948,176.768,2.3847,1.3896,0.877,11.4741
4691,GCS_Moorea_1987,6691,D_Moorea_1987,6691,9122,7022,8901,1,0,6422,15769,0,9607,215.525,149.593,176.229,3.2624,1.692,1.1571,10.4773
4692,GCS_Maupiti_1983,6692,D_Maupiti_1983,6692,9122,7022,8901,1,0,6422,15771,0,9603,217.037,86.959,23.956,,,,
4693,GCS_Nakhl-e_Ghanem,6693,D_Nakhl-e_Ghanem,6693,9122,7030,8901,1,0,6422,15746,0,9603,0,-0.15,0.68,,,,
4694,GCS_POSGAR_1994,6694,D_POSGAR_1994,6694,9122,7030,8901,1,0,6422,1210,0,9603,0,0,0,,,,
4695,GCS_Katanga_1955,6695,D_Katanga_1955,6695,9122,7008,8901,1,0,6422,4066,0,9603,-103.746,-9.614,-255.95,,,,
4696,GCS_Kasai_1953,6696,D_Kasai_1953,6696,9122,7012,8901,1,0,6422,,0,,,,,,,,
4697,GCS_IGC_1962_6th_Parallel_South,6697,D_IGC_1962_Arc_of_the_6th_Parallel_South,6697,9122,7012,8901,1,0,6422,,0,,,,,,,,
4698,GCS_Kerguelen_Island_1949,6698,D_Kerguelen_Island_1949,6698,9122,7022,8901,1,0,6422,15850,0,9603,145,-187,103,,,,
4699,GCS_Le_Pouce_1934,6699,D_Le_Pouce_1934,6699,9122,7012,8901,1,0,6422,15784,0,9603,-770.1,158.4,-498.2,,,,
4700,GCS_IGN_Astro_1960,6700,D_IGN_Astro_1960,6700,9122,7012,8901,1,0,6422,,0,,,,,,,,
4701,GCS_IGCB_1955,6701,D_Institut_Geographique_du_Congo_Belge_1955,6701,9122,7012,8901,1,0,6422,15787,0,9603,-79.9,-158,-168.9,,,,
4702,GCS_Mauritania_1999,6702,D_Mauritania_1999,6702,9122,7019,8901,1,0,6422,15860,0,9603,0,0,0,,,,
4703,GCS_Mhast_1951,6703,D_Mhast_1951,6703,9122,7012,8901,1,0,6422,,0,,,,,,,,
4704,GCS_Mhast_Onshore,6704,D_Mhast_Onshore,6704,9122,7022,8901,1,0,6422,,0,,,,,,,,
4705,GCS_Mhast_Offshore,6705,D_Mhast_Offshore,6705,9122,7022,8901,1,0,6422,,0,,,,,,,,
4706,GCS_Egypt_Gulf_of_Suez_S-650_TL,6706,D_Egypt_Gulf_of_Suez_S-650_TL,6706,9122,7020,8901,1,0,6422,15846,0,9603,-146.21,112.63,4.05,,,,
4707,GCS_Tern_Island_1961,6707,D_Tern_Island_1961,6707,9122,7022,8901,1,0,6422,15795,0,9603,114,-116,-333,,,,
4708,GCS_Anna_1_1965,6708,D_Anna_1_1965,6708,9122,7003,8901,1,0,6422,15794,0,9603,-491,-22,435,,,,
4709,GCS_Beacon_E_1945,6709,D_Beacon_E_1945,6709,9122,7022,8901,1,0,6422,15796,0,9603,145,75,-272,,,,
4710,GCS_DOS_71_4,6710,D_DOS_71_4,6710,9122,7022,8901,1,0,6422,15798,0,9603,-320,550,-494,,,,
4711,GCS_Astro_1952,6711,D_Astro_1952,6711,9122,7022,8901,1,0,6422,15799,0,9603,124,-234,-25,,,,
4712,GCS_Ascension_Island_1958,6712,D_Ascension_Island_1958,6712,9122,7022,8901,1,0,6422,15797,0,9603,-205,107,53,,,,
4713,GCS_Ayabelle,6713,D_Ayabelle,6713,9122,7012,8901,1,0,6422,15800,0,9603,-79,-129,145,,,,
4714,GCS_Bellevue_IGN,6714,D_Bellevue_IGN,6714,9122,7022,8901,1,0,6422,15801,0,9603,-127,-769,472,,,,
4715,GCS_Camp_Area,6715,D_Camp_Area,6715,9122,7022,8901,1,0,6422,15802,0,9603,-104,-129,239,,,,
4716,GCS_Canton_1966,6716,D_Canton_1966,6716,9122,7022,8901,1,0,6422,15803,0,9603,298,-304,-375,,,,
4717,GCS_Cape_Canaveral,6717,D_Cape_Canaveral,6717,9122,7008,8901,1,0,6422,15804,0,9603,-2,151,181,,,,
4718,GCS_Solomon_1968,6718,D_Solomon_1968,6718,9122,7022,8901,1,0,6422,15805,1,9603,230,-199,-752,,,,
4719,GCS_Easter_Island_1967,6719,D_Easter_Island_1967,6719,9122,7022,8901,1,0,6422,15806,0,9603,211,147,111,,,,
4720,GCS_Fiji_1986,6720,D_Fiji_1986,6720,9122,7043,8901,1,0,6422,15876,1,9606,0,0,4.5,0,0,0.554,0.2263
4721,GCS_Fiji_1956,6721,D_Fiji_1956,6721,9122,7022,8901,1,0,6422,15875,0,9603,265.025,384.929,-194.046,,,,
4722,GCS_ISTS_061_1968,6722,D_ISTS_061_1968,6722,9122,7022,8901,1,0,6422,15813,0,9603,-794,119,-298,,,,
4723,GCS_Grand_Cayman_1959,6723,D_Grand_Cayman_1959,6723,9122,7008,8901,1,0,6422,6142,1,9607,-179.483,-69.379,-27.584,7.862,-8.163,-6.042,-13.925
4724,GCS_ISTS_073_1969,6724,D_ISTS_073_1969,6724,9122,7022,8901,1,0,6422,15808,0,9603,208,-435,-229,,,,
4725,GCS_Johnston_Island_1961,6725,D_Johnston_Island_1961,6725,9122,7022,8901,1,0,6422,15809,0,9603,189,-79,-202,,,,
4726,GCS_Little_Cayman_1961,6726,D_Little_Cayman_1961,6726,9122,7008,8901,1,0,6422,6143,1,9607,8.853,-52.644,180.304,0.393,2.323,-2.96,-24.081
4727,GCS_Midway_1961,6727,D_Midway_1961,6727,9122,7022,8901,1,0,6422,15818,1,9603,403,-81,277,,,,
4728,GCS_Pico_de_Las_Nieves,6728,D_Pico_de_Las_Nieves,6728,9122,7022,8901,1,0,6422,15815,0,9603,-307,-92,127,,,,
4729,GCS_Pitcairn_1967,6729,D_Pitcairn_1967,6729,9122,7022,8901,1,0,6422,15819,0,9603,185,165,42,,,,
4730,GCS_Santo_DOS_1965,6730,D_Santo_DOS_1965,6730,9122,7022,8901,1,0,6422,15820,0,9603,170,42,84,,,,
4731,GCS_Viti_Levu_1916,6731,D_Viti_Levu_1916,6731,9122,7012,8901,1,1,6422,15821,0,9603,51,391,-36,,,,
4732,GCS_Wake_Eniwetok_1960,6732,D_Wake_Eniwetok_1960,6732,9122,7053,8901,1,0,6422,15822,0,9603,102,52,-38,,,,
4733,GCS_Wake_Island_1952,6733,D_Wake_Island_1952,6733,9122,7022,8901,1,0,6422,15823,0,9603,276,-57,149,,,,
4734,GCS_Tristan_1968,6734,D_Tristan_1968,6734,9122,7022,8901,1,0,6422,15816,0,9603,-632,438,-609,,,,
4735,GCS_Kusaie_1951,6735,D_Kusaie_1951,6735,9122,7022,8901,1,0,6422,15810,0,9603,647,1777,-1124,,,,
4736,GCS_Deception_Island,6736,D_Deception_Island,6736,9122,7012,8901,1,0,6422,15812,0,9603,260,12,-147,,,,
4737,GCS_Korea_2000,6737,D_Korea_2000,6737,9122,7019,8901,1,0,6422,15831,0,9603,0,0,0,,,,
4738,GCS_Hong_Kong_1963,6738,D_Hong_Kong_1963,6738,9122,7007,8901,1,0,6422,,0,,,,,,,,
4739,GCS_Hong_Kong_1963_67,6739,D_Hong_Kong_1963_67,6739,9122,7022,8901,1,0,6422,15842,0,9603,-156,-271,-189,,,,
4740,GCS_PZ_1990,6740,D_Parametrop_Zemp_1990,6740,9122,7054,8901,1,0,6422,15843,1,9607,0,0,1.5,0,0,-0.076,0
4741,GCS_FD_1954,6741,D_Faroe_Datum_1954,6741,9122,7022,8901,1,0,6422,,0,,,,,,,,
4742,GCS_GDM_2000,6742,D_GDM_2000,6742,9122,7019,8901,1,0,6422,,0,,,,,,,,
4743,GCS_Karbala_1979_Polservice,6743,D_Karbala_1979_Polservice,6743,9122,7012,8901,1,0,6422,5078,1,9603,70.995,-335.916,262.898,,,,
4744,GCS_Nahrwan_1934,6744,D_Nahrwan_1934,6744,9122,7012,8901,1,0,6422,,0,,,,,,,,
4745,GCS_RD/83,6745,D_Rauenberg_1983,6745,9122,7004,8901,1,0,6422,,0,,,,,,,,
4746,GCS_PD/83,6746,D_Potsdam_1983,6746,9122,7004,8901,1,0,6422,,0,,,,,,,,
4747,GCS_Greenland_1996,6747,D_Greenland_1996,6747,9122,7019,8901,1,0,6422,15879,0,9603,0,0,0,,,,
4748,GCS_Vanua_Levu_1915,6748,D_Vanua_Levu_1915,6748,9122,7055,8901,1,0,6422,15878,0,9603,51,391,-36,,,,
4749,GCS_RGNC_1991-93,6749,D_Reseau_Geodesique_de_Nouvelle_Caledonie_1991-93,6749,9122,7019,8901,1,0,6422,15880,0,9603,0,0,0,,,,
4750,GCS_ST87_Ouvea,6750,D_ST87_Ouvea,6750,9122,7030,8901,1,0,6422,15881,0,9603,-56.263,16.136,-22.856,,,,
4751,GCS_Kertau_RSO,6751,D_Kertau_RSO,6751,9122,7056,8901,1,0,6422,,0,,,,,,,,
4752,GCS_Viti_Levu_1912,6752,D_Viti_Levu_1912,6752,9122,7055,8901,1,0,6422,15897,0,9603,51,391,-36,,,,
4753,GCS_fk89,6753,D_fk89,6753,9122,7022,8901,1,0,6422,,0,,,,,,,,
4754,GCS_LGD2006,6754,D_Libyan_Geodetic_Datum_2006,6754,9122,7022,8901,1,0,6422,15908,0,9603,-208.4058,-109.8777,-2.5764,,,,
4755,GCS_DGN_1995,6755,D_Datum_Geodesi_Nasional_1995,6755,9122,7030,8901,1,0,6422,15912,0,9603,0,0,0,,,,
4756,GCS_VN_2000,6756,D_Vietnam_2000,6756,9122,7030,8901,1,0,6422,5194,0,9607,-192.873,-39.382,-111.202,0.00205,0.0005,-0.00335,0.0188
4757,GCS_SVY21,6757,D_SVY21,6757,9122,7030,8901,1,0,6422,,0,,,,,,,,
4758,GCS_JAD_2001,6758,D_Jamaica_2001,6758,9122,7030,8901,1,0,6422,15925,0,9603,0,0,0,,,,
4759,GCS_NAD_1983_NSRS2007,6759,D_NAD_1983_NSRS2007,6759,9122,7019,8901,1,0,6422,15931,0,9603,0,0,0,,,,
4760,GCS_WGS_1966,6760,D_WGS_1966,6760,9122,7025,8901,1,0,6422,,0,,,,,,,,
4761,GCS_HTRS96,6761,D_Croatian_Terrestrial_Reference_System,6761,9122,7019,8901,1,0,6422,15967,0,9603,0,0,0,,,,
4762,GCS_Bermuda_2000,6762,D_Bermuda_2000,6762,9122,7030,8901,1,0,6422,15971,0,9603,0,0,0,,,,
4763,GCS_Pitcairn_2006,6763,D_Pitcairn_2006,6763,9122,7030,8901,1,0,6422,15972,0,9603,0,0,0,,,,
4764,GCS_RSRGD2000,6764,D_Ross_Sea_Region_Geodetic_Datum_2000,6764,9122,7019,8901,1,0,6422,15974,0,9603,0,0,0,,,,
4765,GCS_Slovenia_1996,6765,D_Slovenia_Geodetic_Datum_1996,6765,9122,7019,8901,1,0,6422,15976,0,9603,0,0,0,,,,
4801,GCS_Bern_1898_Bern,6801,D_Bern_1898,6149,9122,7004,8907,1,0,6422,1766,1,9603,674.4,15.1,405.3,,,,
4802,GCS_Bogota_Bogota,6802,D_Bogota,6218,9122,7022,8904,1,0,6422,1125,1,9603,307,304,-318,,,,
4803,GCS_Lisbon_Lisbon,6803,D_Lisbon,6207,9122,7022,8902,1,0,6422,1984,1,9603,-304.046,-60.576,103.64,,,,
4804,GCS_Makassar_Jakarta,6804,D_Makassar,6257,9122,7004,8908,1,0,6422,1837,0,9603,-587.8,519.75,145.76,,,,
4805,GCS_MGI_Ferro,6805,D_MGI,1031,9122,7004,8909,1,0,6422,3962,1,9603,682,-203,480,,,,
4806,GCS_Monte_Mario_Rome,6806,D_Monte_Mario,6265,9122,7022,8906,1,0,6422,1660,1,9606,-104.1,-49.1,-9.9,0.971,-2.917,0.714,-11.68
4807,GCS_NTF_Paris,6807,D_NTF,6275,9105,7011,8903,1,0,6403,1193,0,9603,-168,-60,320,,,,
4808,GCS_Padang_1884_Jakarta,6808,D_Padang_1884,6280,9122,7004,8908,1,0,6422,,0,,,,,,,,
4809,GCS_Belge_1950_Brussels,6809,D_Belge_1950,6215,9122,7022,8910,1,0,6422,,0,,,,,,,,
4810,GCS_Tananarive_1925_Paris,6810,D_Tananarive_1925,6297,9105,7022,8903,1,0,6403,1227,0,9603,-189,-242,-91,,,,
4811,GCS_Voirol_1875_Paris,6811,D_Voirol_1875,6304,9105,7011,8903,1,0,6403,1294,0,9603,-73,-247,227,,,,
4812,GCS_Voirol_Unifie_1960_Paris,6305,D_Voirol_Unifie_1960,,9105,7012,8903
4813,GCS_Batavia_Jakarta,6813,D_Batavia,6211,9122,7004,8908,1,0,6422,1123,1,9603,-377,681,-50,,,,
4814,GCS_RT38_Stockholm,6814,D_Stockholm_1938,6308,9122,7004,8911,1,0,6422,,0,,,,,,,,
4815,GCS_Greek_Athens,6815,D_Greek,6120,9122,7004,8912,1,0,6422,,0,,,,,,,,
4816,GCS_Carthage_Paris,6816,D_Carthage,6223,9105,7011,8903,1,0,6403,1130,1,9603,-263,6,431,,,,
4817,GCS_NGO_1948_Oslo,6817,D_NGO_1948,6273,9122,7005,8913,1,0,6422,1654,0,9606,278.3,93,474.5,7.889,0.05,-6.61,6.21
4818,GCS_S_JTSK_Ferro,6818,D_S_JTSK,6156,9122,7004,8909,1,0,6422,15965,1,9603,589,76,480,,,,
4819,GCS_Nord_Sahara_1959_Paris,6819,D_Nord_Sahara_1959,6307,9105,7012,8903,1,1,6403,5660,1,9606,-209.3622,-87.8162,404.6198,0.0046,3.4784,0.5805,-1.4547
4820,GCS_Gunung_Segara_Jakarta,6820,D_Gunung_Segara,6613,9122,7004,8908,1,0,6422,1897,1,9603,-403,684,41,,,,
4821,GCS_Voirol_1879_Paris,6821,D_Voirol_1879,6821,9105,7011,8903,1,0,6403,,0,,,,,,,,
4823,GCS_Sao_Tome,1044,D_Sao_Tome,1044,9122,7022,8901,1,0,6422,,0,,,,,,,,
4824,GCS_Principe,1046,D_Principe,1046,9122,7022,8901,1,0,6422,,0,,,,,,,,
4901,GCS_ATF_Paris,6901,D_ATF,6901,9105,7027,8914,1,0,6403,,0,,,,,,,,
4902,GCS_Nord_de_Guerre_Paris,6902,D_Nord_de_Guerre,6902,9105,7027,8903,1,1,6403,,0,,,,,,,,
4903,GCS_Madrid_1870_Madrid,6903,D_Madrid_1870,6903,9122,7028,8905,1,0,6422,,0,,,,,,,,
4904,GCS_Lisbon_1890_Lisbon,6904,D_Lisbon_1890,6666,9122,7004,8902,1,0,6422,1986,1,9603,508.088,-191.042,565.223,,,,
5013,GCS_PTRA08,1041,D_PTRA08,1041,9122,7019,8901,1,0,6422,4905,0,9603,0,0,0,,,,
5132,Tokyo 1892,1048,Tokyo 1892,6162,9122,7004,8901,1,0,6422,,0,,,,,,,,
5228,GCS_S_JTSK/05,1052,D_S_JTSK_05,1052,9122,7004,8901,1,0,6422,5227,0,9607,572.213,85.334,461.94,-4.9732,-1.529,-5.2484,3.5378
5229,GCS_S_JTSK/05_Ferro,1055,D_S_JTSK_05,1052,9122,7004,8909,1,0,6422,5227,0,9607,572.213,85.334,461.94,-4.9732,-1.529,-5.2484,3.5378
5233,GCS_SLD99,1053,D_Sri_Lanka_Datum_1999,1053,9122,7015,8901,1,0,6422,5236,0,9607,-0.293,766.95,87.713,-0.195704,-1.695068,-3.473016,-0.039338
5246,GCS_GDBD2009,1056,D_GDBD2009,1056,9122,7019,8901,1,0,6422,,0,,,,,,,,
5252,GCS_TUREF,1057,D_Turkish_National_Reference_Frame,1057,9122,7019,8901,1,0,6422,5261,0,9603,0,0,0,,,,
5264,GCS_DRUKREF_03,1058,D_Bhutan_National_Geodetic_Datum,1058,9122,7019,8901,1,0,6422,5267,0,9603,0,0,0,,,,
5324,GCS_ISN_2004,1060,D_Islands_Network_2004,1060,9122,7019,8901,1,0,6422,5327,0,9603,0,0,0,,,,
5340,GCS_POSGAR_2007,1062,D_POSGAR_2007,1062,9122,7019,8901,1,0,6422,5351,0,9603,0,0,0,,,,
5354,GCS_MARGEN,1063,D_Marco_Geodesico_Nacional,1063,9122,7019,8901,1,0,6422,5374,0,9603,0,0,0,,,,
5360,GCS_SIRGAS-Chile,1064,D_SIRGAS-Chile,1064,9122,7019,8901,1,0,6422,5375,0,9603,0,0,0,,,,
5365,GCS_CR05,1065,D_Costa_Rica_2005,1065,9122,7030,8901,1,0,6422,5376,0,9603,0,0,0,,,,
5371,GCS_MARCARIO_SOLIS,1066,D_SGNP_MARCARIO_SOLIS,1066,9122,7019,8901,1,0,6422,5377,0,9603,0,0,0,,,,
5373,GCS_Peru96,1067,D_Peru96,1067,9122,7019,8901,1,0,6422,5378,0,9603,0,0,0,,,,
5381,GCS_SIRGAS-ROU98,1068,D_SIRGAS-ROU98,1068,9122,7030,8901,1,0,6422,5384,0,9603,0,0,0,,,,
5393,GCS_SIRGAS_ES2007.8,1069,D_SIRGAS_ES2007.8,1069,9122,7019,8901,1,0,6422,5395,0,9603,0,0,0,,,,
5451,GCS_Ocotepeque_1935,1070,D_Ocotepeque_1935,1070,9122,7008,8901,1,0,6422,5470,1,9603,213.11,9.37,-74.95,,,,
5464,GCS_Sibun_Gorge_1922,1071,D_Sibun_Gorge_1922,1071,9122,7007,8901,1,0,6422,,0,,,,,,,,
5467,GCS_Panama-Colon_1911,1072,D_Panama-Colon-1911,1072,9122,7008,8901,1,0,6422,,0,,,,,,,,
5489,GCS_RGAF09,1073,Reseau_Geodesique_des_Antilles_Francaises_2009,1073,9122,7019,8901,1,0,6422,5501,0,9603,0,0,0,,,,
5524,GCS_Corrego_Alegre_1961,1074,D_Corrego_Alegre_1961,1074,9122,7022,8901,1,0,6422,,0,,,,,,,,
5527,GCS_SAD_1969_96,1075,D_South_American_Datum_1969_96,1075,9122,7050,8901,1,0,6422,6195,0,9603,-67.35,3.88,-38.22,,,,
5546,GCS_PNG94,1076,D_Papua_New_Guinea_Geodetic_Datum_1994,1076,9122,7019,8901,1,0,6422,5553,0,9603,0,0,0,,,,
5561,GCS_Ukraine_2000,1077,D_Ukraine_2000,1077,9122,7024,8901,1,0,6422,5590,1,9607,25,-141,-78.5,0,-0.35,-0.736,0
5593,GCS_FEH2010,1078,D_Fehmarnbelt_Datum_2010,1078,9122,7019,8901,1,0,6422,5599,0,9603,0,0,0,,,,
5681,GCS_DB_REF,1081,D_Deutsche_Bahn_Reference_System,1081,9122,7004,8901,1,0,6422,,0,,,,,,,,
5886,GCS_TGD2005,1095,D_Tonga_Geodetic_Datum_2005,1095,9122,7019,8901,1,0,6422,,0,,,,,,,,
6135,GCS_CIGD11,1100,D_Cayman_Islands_Geodetic_Datum_2011,1100,9122,7019,8901,1,0,6422,6177,0,9603,0,0,0,,,,
6207,GCS_Nepal_Nagarkot,1111,D_Nepal_Nagarkot,1111,9122,7015,8901,1,0,6422,6208,0,9603,293.17,726.18,245.36,,,,
6311,GCS_CGRS_1993,1112,D_Cyprus_Geodetic_Reference_System_1993,1112,9122,7030,8901,1,0,6422,7445,0,9606,8.846,-4.394,-1.122,0.00237,0.146528,-0.130428,0.783926
6318,GCS_NAD_1983_2011,1116,D_NAD_1983_2011,1116,9122,7019,8901,1,0,6422,6177,0,9603,0,0,0,,,,
6322,GCS_NAD_1983_PA11,1117,D_NAD_1983_PA11,1117,9122,7019,8901,1,0,6422,,0,,,,,,,,
6325,GCS_NAD_1983_MA11,1118,D_NAD_1983_MA11,1118,9122,7019,8901,1,0,6422,,0,,,,,,,,
6365,GCS_Mexico_ITRF2008,1120,Mexico ITRF2008,1120,9122,7019,8901,1,0,6422,6373,0,9603,0,0,0,,,,
6668,GCS_JGD_2011,1128,D_JGD_2011,1128,9122,7019,8901,1,0,6422,,0,,,,,,,,
6706,GCS_RDN2008,1132,D_Rete_Dinamica_Nazionale_2008,1132,9122,7019,8901,1,0,6422,6711,0,9603,0,0,0,,,,
6783,GCS_NAD_1983_CORS96,1133,D_NAD_1983_CORS96,1133,9122,7019,8901,1,0,6422,,0,,,,,,,,
6881,GCS_Aden_1925,1135,D_Aden_1925,1135,9122,7012,8901,1,0,6422,6910,0,9603,-24,-203,268,,,,
6882,GCS_Bekaa_Valley_1920,1137,D_Bekaa_Valley_1920,1137,9122,7012,8901,1,0,6422,6911,0,9603,-183,-15,273,,,,
6883,GCS_Bioko,1136,D_Bioko,1136,9122,7022,8901,1,0,6422,6912,0,9603,-235,-110,393,,,,
6892,GCS_South_East_Island_1943,1138,D_South_East_Island_1943,1138,9122,7012,8901,1,0,6422,6914,1,9603,-43.685,-179.785,-267.721,,,,
6894,GCS_Gambia,1139,D_Gambia,1139,9122,7012,8901,1,0,6422,6913,0,9603,-63,176,185,,,,
6980,IGD05,1143,Israel_Geodetic_Datum_2005,1143,9122,7019,8901,1,1,6422,,0,,,,,,,,
6983,IG05_Intermediate_CRS,1142,IG05_Intermediate_Datum,1142,9122,7019,8901,1,0,6422,,0,,,,,,,,
6987,IGD05(2012),1145,Israeli_Geodetic_Datum_2005(2012),1145,9122,7019,8901,1,1,6422,,0,,,,,,,,
6990,IG05(2012)_Intermediate_CRS,1144,IG05(2012)_Intermediate_Datum,1144,9122,7019,8901,1,0,6422,,0,,,,,,,,
7035,"RGSPM06 (lon-lat)",1038,Reseau Geodesique de Saint Pierre et Miquelon 2006,1038,9122,7019,8901,1,0,6424,,0,,,,,,,,
7037,"RGR92 (lon-lat)",6627,Reseau Geodesique de la Reunion 1992,6627,9122,7019,8901,1,0,6424,,0,,,,,,,,
7039,"RGM04 (lon-lat)",1036,Reseau Geodesique de Mayotte 2004,1036,9122,7019,8901,1,0,6424,,0,,,,,,,,
7041,"RGFG95 (lon-lat)",6624,Reseau Geodesique Francais Guyane 1995,6624,9122,7019,8901,1,0,6424,,0,,,,,,,,
7073,RGTAAF07,1113,Reseau Geodesique des Terres Australes et Antarctiques Francaises 2007,1113,9122,7019,8901,1,0,6422,,0,,,,,,,,
7084,"RGF93 (lon-lat)",6171,Reseau Geodesique Francais 1993,6171,9122,7019,8901,1,0,6424,,0,,,,,,,,
7086,"RGAF09 (lon-lat)",1073,Reseau Geodesique des Antilles Francaises 2009,1073,9122,7019,8901,1,0,6424,,0,,,,,,,,
7088,"RGTAAF07 (lon-lat)",1113,Reseau Geodesique des Terres Australes et Antarctiques Francaises 2007,1113,9122,7019,8901,1,1,6424,,0,,,,,,,,
7133,"RGTAAF07 (lon-lat)",1113,Reseau Geodesique des Terres Australes et Antarctiques Francaises 2007,1113,9122,7019,8901,1,0,6424,,0,,,,,,,,
7136,IGD05,1114,Israeli Geodetic Datum 2005,1114,9122,7030,8901,1,0,6422,,0,,,,,,,,
7139,"IGD05/12",1115,"Israeli Geodetic Datum 2005(2012)",1115,9122,7030,8901,1,0,6422,,0,,,,,,,,
7373,ONGD14,1147,Oman National Geodetic Datum 2014,1147,9122,7019,8901,1,0,6422,7443,0,9603,0,0,0,,,,
7683,GSK-2011,1159,Geodezicheskaya Sistema Koordinat 2011,1159,9122,1025,8901,1,0,6422,,0,,,,,,,,
7686,Kyrg-06,1160,Kyrgyzstan Geodetic Datum 2006,1160,9122,7019,8901,1,0,6422,,0,,,,,,,,
7798,BGS2005,1167,Bulgaria Geodetic System 2005,1167,9122,7019,8901,1,0,6422,,0,,,,,,,,
7844,GDA2020,1168,Geocentric Datum of Australia 2020,1168,9122,7019,8901,1,0,6422,,0,,,,,,,,
7881,St. Helena Tritan,1173,St. Helena Tritan,1173,9122,7030,8901,1,0,6422,7898,0,9603,-0.077,0.079,0.086,,,,
7886,SHGD2015,1174,St. Helena Geodetic Datum 2015,1174,9122,7019,8901,1,0,6422,7892,0,9603,0,0,0,,,,
8042,"Gusterberg (Ferro)",1188,"Gusterberg (Ferro)",1188,9122,1026,8909,1,0,6422,,0,,,,,,,,
8043,"St. Stephen (Ferro)",1189,"St. Stephen (Ferro)",1189,9122,1026,8909,1,0,6422,,0,,,,,,,,
8086,ISN2016,1187,Islands Net 2016,1187,9122,7019,8901,1,0,6422,,0,,,,,,,,
8232,"NAD83(CSRS96)",1192,"North American Datum of 1983 (CSRS96)",1192,9122,7019,8901,1,0,6422,,0,,,,,,,,
8237,"NAD83(CSRS)v2",1193,"North American Datum of 1983 (CSRS) version 2",1193,9122,7019,8901,1,0,6422,,0,,,,,,,,
8240,"NAD83(CSRS)v3",1194,"North American Datum of 1983 (CSRS) version 3",1194,9122,7019,8901,1,0,6422,,0,,,,,,,,
8246,"NAD83(CSRS)v4",1195,"North American Datum of 1983 (CSRS) version 4",1195,9122,7019,8901,1,0,6422,,0,,,,,,,,
8249,"NAD83(CSRS)v5",1196,"North American Datum of 1983 (CSRS) version 5",1196,9122,7019,8901,1,0,6422,,0,,,,,,,,
8252,"NAD83(CSRS)v6",1197,"North American Datum of 1983 (CSRS) version 6",1197,9122,7019,8901,1,0,6422,,0,,,,,,,,
8255,"NAD83(CSRS)v7",1198,"North American Datum of 1983 (CSRS) version 7",1198,9122,7019,8901,1,0,6422,,0,,,,,,,,
